id,UNC29486228,Infertility (cat.),inferred
55676,H,0,0
64568,H,0,0
41617,H,0,0
64514,H,0,0
65827,H,0,0
64616,H,0,0
64615,H,0,0
55376,H,0,0
64570,H,0,0
65819,H,0,0
64768,H,0,0
55678,H,0,0
64673,H,0,0
66812,H,0,0
64846,H,0,1
65839,H,0,0
65838,H,0,0
65863,H,0,0
65802,H,0,0
55508,H,0,0
64368,H,0,0
64039,H,0,0
43433,H,0,0
43446,H,0,0
43450,H,0,0
55739,H,0,0
43451,H,0,0
41606,H,0,0
55424,H,0,0
64035,H,0,0
55373,H,1,0
55670,H,1,0
64617,H,1,0
65825,H,1,0
65860,H,1,0
64338,H,1,0
55505,H,1,0
65804,H,1,0
55444,H,1,0
55509,H,1,0
43449,H,1,0
65805,H,1,0
65806,H,1,0
55369,H,1,0
41603,H,1,0
44921,H,1,1
55674,P,0,0
55672,P,0,0
64671,P,0,0
64256,P,0,0
55510,P,0,0
55609,P,0,0
55381,P,0,0
55378,P,0,0
65824,P,0,0
65843,P,0,0
65837,P,0,0
65868,P,0,0
65822,P,0,0
64848,P,0,0
64847,P,0,0
65841,P,0,0
65835,P,0,0
55675,P,0,0
65854,P,0,0
65818,P,0,0
65849,P,0,0
65833,P,0,0
65865,P,0,0
65832,P,0,0
65817,P,0,0
64515,P,0,0
64821,P,0,0
65846,P,0,0
65829,P,0,0
65830,P,0,0
64510,P,0,0
55502,P,0,0
55506,P,0,0
64095,P,0,0
65803,P,0,0
41620,P,0,0
64250,P,0,0
41621,P,0,0
64485,P,0,0
64258,P,0,0
43447,P,0,0
64331,P,0,0
55740,P,0,0
44720,P,0,0
64333,P,0,0
44915,P,0,0
64366,P,0,0
41611,P,0,0
55426,P,0,0
64040,P,0,0
55741,P,0,0
41605,P,0,0
41612,P,0,0
55677,P,1,0
65823,P,1,0
65866,P,1,0
